name,team,nation,postion,age,mp,starts,min,gls,ast,pk,crdy,crdr,xg,xag
Gabriel Dos Santos,Arsenal,br BRA,DF,24,14,14,1260,2,0,0,2,0,2.3,0.2
Aaron Ramsdale,Arsenal,eng ENG,GK,24,14,14,1260,0,0,0,0,0,0,0
William Saliba,Arsenal,fr FRA,DF,21,14,14,1245,2,1,0,4,0,0.3,0.9
Gabriel Jesus,Arsenal,br BRA,FW,25,14,14,1219,5,5,0,4,0,7.7,2.8
Martinelli,Arsenal,br BRA,FW,21,14,14,1181,5,2,0,1,0,3,3.3
Bukayo Saka,Arsenal,eng ENG,FW,21,14,14,1171,4,6,1,3,0,4.5,2.9
Granit Xhaka,Arsenal,ch SUI,MF,30,14,14,1166,3,3,0,2,0,1.5,1.8
Ben White,Arsenal,eng ENG,DF,25,14,14,1150,0,2,0,3,0,0.3,1.1
Martin Ã˜degaard,Arsenal,no NOR,MF,23,13,13,1074,6,2,0,2,0,4.1,2.6
Thomas Partey,Arsenal,gh GHA,MF,29,11,11,959,2,0,0,1,0,1,0.6
Oleksandr Zinchenko,Arsenal,ua UKR,DF,25,7,7,559,0,1,0,0,0,0.1,0.4
Takehiro Tomiyasu,Arsenal,jp JPN,DF,24,11,4,410,0,0,0,1,0,0.1,0.1
Kieran Tierney,Arsenal,sct SCO,DF,25,12,3,354,0,0,0,0,0,0.3,0.1
Albert Sambi Lokonga,Arsenal,be BEL,MF,23,6,2,198,0,0,0,0,0,0,0
Fabio Vieira,Arsenal,pt POR,MF,22,8,1,246,1,1,0,0,0,0.3,1.1
Mohamed Elneny,Arsenal,eg EGY,MF,30,3,1,95,0,0,0,0,0,0,0
Eddie Nketiah,Arsenal,eng ENG,"FW,MF",23,12,0,152,0,0,0,0,0,0.7,0.2
Reiss Nelson,Arsenal,eng ENG,FW,22,2,0,65,2,1,0,0,0,0.6,0.1
Emile Smith Rowe,Arsenal,eng ENG,"MF,FW",22,4,0,51,0,0,0,0,0,0.1,0.3
Rob Holding,Arsenal,eng ENG,DF,27,4,0,14,0,0,0,0,0,0,0
Marquinhos,Arsenal,br BRA,MF,19,1,0,1,0,0,0,0,0,0,0
Ethan Nwaneri,Arsenal,eng ENG,FW,15,1,0,1,0,0,0,0,0,0,0
Karl Jakob Hein,Arsenal,ee EST,GK,20,0,0,,,,,,,,
Nicolas PÃ©pÃ©,Arsenal,ci CIV,"FW,MF",27,0,0,,,,,,,,
Matthew Smith,Arsenal,eng ENG,MF,22,0,0,,,,,,,,
Lino Sousa,Arsenal,eng ENG,DF,17,0,0,,,,,,,,
Matt Turner,Arsenal,us USA,GK,28,0,0,,,,,,,,
Squad Total,Arsenal,,,,14,154,1260,32,24,1,23,0,26.2,18.3
Ederson,Manchester-City,br BRA,GK,29,14,14,1260,0,1,0,0,0,0,0.2
JoÃ£o Cancelo,Manchester-City,pt POR,DF,28,14,14,1116,2,1,0,3,1,0.7,0.8
Kevin De Bruyne,Manchester-City,be BEL,MF,31,14,13,1131,3,9,0,0,0,2.5,6
Rodri,Manchester-City,es ESP,MF,26,13,13,1122,0,3,0,1,0,1.2,0.8
Bernardo Silva,Manchester-City,pt POR,"MF,FW",28,14,12,1068,2,5,0,1,0,1.3,1.8
Erling Haaland,Manchester-City,no NOR,FW,22,13,12,1037,18,3,3,2,0,11.1,2.8
Phil Foden,Manchester-City,eng ENG,"FW,DF",22,14,11,908,7,4,0,1,0,3.7,2
Ä°lkay GÃ¼ndoÄŸan,Manchester-City,de GER,MF,32,12,10,891,2,2,0,0,0,2.1,2.1
RÃºben Dias,Manchester-City,pt POR,DF,25,12,9,873,0,0,0,0,0,0.6,0.1
John Stones,Manchester-City,eng ENG,DF,28,9,8,731,0,2,0,1,0,0.4,1.3
Manuel Akanji,Manchester-City,ch SUI,DF,27,8,8,701,0,1,0,1,0,0.5,0.1
Nathan AkÃ©,Manchester-City,nl NED,DF,27,8,7,571,0,0,0,0,0,0.1,0.1
Kyle Walker,Manchester-City,eng ENG,DF,32,7,7,560,0,0,0,0,0,0.3,0.1
Jack Grealish,Manchester-City,eng ENG,FW,27,8,6,547,1,0,0,0,0,0.9,1.2
Riyad Mahrez,Manchester-City,dz ALG,"FW,MF",31,9,4,372,1,0,0,1,0,1.2,0.5
JuliÃ¡n Ãlvarez,Manchester-City,ar ARG,"FW,MF",22,12,3,364,3,0,0,0,0,1.3,0.4
Aymeric Laporte,Manchester-City,es ESP,DF,28,4,3,286,0,0,0,0,0,0.2,0.1
Sergio GÃ³mez,Manchester-City,es ESP,"DF,MF",22,5,0,111,0,1,0,0,0,0.1,0.4
Cole Palmer,Manchester-City,eng ENG,"FW,MF",20,7,0,106,0,0,0,0,0,0.1,0.1
Rico Lewis,Manchester-City,eng ENG,"DF,MF",18,3,0,38,0,0,0,0,0,0,0
Kalvin Phillips,Manchester-City,eng ENG,MF,26,1,0,2,0,0,0,0,0,0,0
Scott Carson,Manchester-City,eng ENG,GK,37,0,0,,,,,,,,
Liam Delap,Manchester-City,eng ENG,FW,19,0,0,,,,,,,,
Claudio Gomes,Manchester-City,fr FRA,MF,22,0,0,,,,,,,,
Ben Knight,Manchester-City,eng ENG,MF,20,0,0,,,,,,,,
Luke Mbete-Tatu,Manchester-City,eng ENG,DF,19,0,0,,,,,,,,
Stefan Ortega,Manchester-City,de GER,GK,30,0,0,,,,,,,,
Josh Wilson-Esbrand,Manchester-City,eng ENG,DF,19,0,0,,,,,,,,
Squad Total,Manchester-City,,,,14,154,1260,39,32,3,11,1,27.6,20.6
Nick Pope,Newcastle-United,eng ENG,GK,30,15,15,1350,0,0,0,2,0,0,0
Kieran Trippier,Newcastle-United,eng ENG,DF,32,15,15,1324,1,3,0,3,0,0.4,3.7
Miguel AlmirÃ³n,Newcastle-United,py PAR,FW,28,15,15,1255,8,1,0,0,0,4.6,1.1
Fabian SchÃ¤r,Newcastle-United,ch SUI,DF,30,14,14,1243,1,0,0,4,0,0.9,0.4
Dan Burn,Newcastle-United,eng ENG,DF,30,15,14,1224,0,0,0,2,0,0.4,0.1
Joe Willock,Newcastle-United,eng ENG,MF,23,15,13,1114,2,2,0,0,0,2.9,3.1
Joelinton,Newcastle-United,br BRA,"MF,FW",26,13,12,1060,1,1,0,5,0,2.3,0.9
Sven Botman,Newcastle-United,nl NED,DF,22,13,12,1057,0,0,0,0,0,0.3,0.9
Bruno GuimarÃ£es,Newcastle-United,br BRA,MF,25,12,12,992,3,2,0,1,0,0.8,1.3
Sean Longstaff,Newcastle-United,eng ENG,MF,25,15,11,1056,1,2,0,2,0,1.2,1.8
Callum Wilson,Newcastle-United,eng ENG,FW,30,11,10,787,6,2,1,1,0,6.1,0.6
Jacob Murphy,Newcastle-United,eng ENG,FW,27,15,5,489,1,1,0,0,0,0.8,0.6
Matt Targett,Newcastle-United,eng ENG,DF,27,10,4,426,0,0,0,0,0,0,0.3
Allan Saint-Maximin,Newcastle-United,fr FRA,FW,25,7,4,378,1,3,0,1,0,0.8,1.2
Ryan Fraser,Newcastle-United,sct SCO,FW,28,8,3,313,0,0,0,1,0,0.3,0.4
Alexander Isak,Newcastle-United,se SWE,FW,23,3,3,242,2,0,1,0,0,2.2,0.3
Chris Wood,Newcastle-United,nz NZL,FW,30,14,2,272,1,0,0,0,0,0.5,0.3
Jamaal Lascelles,Newcastle-United,eng ENG,DF,29,4,1,107,0,0,0,2,0,0.1,0
Elliot Anderson,Newcastle-United,sct SCO,"FW,MF",20,7,0,103,0,0,0,0,0,0.5,0.5
Jonjo Shelvey,Newcastle-United,eng ENG,MF,30,3,0,37,0,0,0,0,0,0,0
Javier Manquillo,Newcastle-United,es ESP,DF,28,1,0,11,0,0,0,0,0,0,0
Jamal Lewis,Newcastle-United,nir NIR,DF,24,1,0,8,0,0,0,0,0,0,0
Emil Krafth,Newcastle-United,se SWE,DF,28,1,0,1,0,0,0,0,0,0,0
Matt Ritchie,Newcastle-United,sct SCO,FW,33,1,0,1,0,0,0,0,0,0,0
Karl Darlow,Newcastle-United,eng ENG,GK,32,0,0,,,,,,,,
Martin DÃºbravka,Newcastle-United,sk SVK,GK,33,0,0,,,,,,,,
Paul Dummett,Newcastle-United,wls WAL,DF,31,0,0,,,,,,,,
Loris Karius,Newcastle-United,de GER,GK,29,0,0,,,,,,,,
Squad Total,Newcastle-United,,,,15,165,1350,28,17,2,24,0,24.3,17.1
Hugo Lloris,Tottenham-Hotspur,fr FRA,GK,35,15,15,1350,0,0,0,0,0,0,0
Harry Kane,Tottenham-Hotspur,eng ENG,FW,29,15,15,1335,12,1,2,4,0,9.4,2.4
Eric Dier,Tottenham-Hotspur,eng ENG,DF,28,15,14,1285,2,0,0,1,0,0.7,0.7
Pierre HÃ¸jbjerg,Tottenham-Hotspur,dk DEN,MF,27,14,14,1244,3,2,0,1,0,0.9,1.3
Rodrigo Bentancur,Tottenham-Hotspur,uy URU,MF,25,14,13,1182,4,2,0,5,0,1.4,0.8
Son Heung-min,Tottenham-Hotspur,kr KOR,"MF,FW",30,13,12,1030,3,2,0,0,0,3.5,2.7
Ben Davies,Tottenham-Hotspur,wls WAL,DF,29,12,11,995,2,1,0,1,0,0.5,1.3
Emerson,Tottenham-Hotspur,br BRA,DF,23,12,11,899,0,1,0,1,1,1,0.3
Ivan PeriÅ¡iÄ‡,Tottenham-Hotspur,hr CRO,"DF,MF",33,15,9,833,0,4,0,2,0,0.9,3
Ryan Sessegnon,Tottenham-Hotspur,eng ENG,DF,22,12,8,662,2,0,0,3,0,1.4,0.7
Cristian Romero,Tottenham-Hotspur,ar ARG,DF,24,8,7,658,0,0,0,1,0,0.6,0.3
Dejan Kulusevski,Tottenham-Hotspur,se SWE,"MF,FW",22,9,7,611,1,5,0,0,0,1,2.2
ClÃ©ment Lenglet,Tottenham-Hotspur,fr FRA,DF,27,8,7,571,0,1,0,0,0,0.6,0.4
Yves Bissouma,Tottenham-Hotspur,ml MLI,MF,26,14,6,606,0,0,0,3,0,0.2,0.2
Davinson SÃ¡nchez,Tottenham-Hotspur,co COL,DF,26,10,6,531,0,0,0,1,0,0.3,0.1
Richarlison,Tottenham-Hotspur,br BRA,"MF,FW",25,10,5,439,0,2,0,2,0,1.6,1.3
Matt Doherty,Tottenham-Hotspur,ie IRL,DF,30,8,3,351,0,0,0,0,0,0.2,0.1
Oliver Skipp,Tottenham-Hotspur,eng ENG,MF,22,6,2,130,0,0,0,1,0,0.1,0.2
Lucas Moura,Tottenham-Hotspur,br BRA,"MF,DF",30,8,0,98,0,0,0,0,0,0.1,0
Bryan,Tottenham-Hotspur,es ESP,MF,21,1,0,7,0,0,0,0,0,0,0
Djed Spence,Tottenham-Hotspur,eng ENG,"DF,MF",22,3,0,4,0,0,0,0,0,0.1,0
Fraser Forster,Tottenham-Hotspur,eng ENG,GK,34,0,0,,,,,,,,
Pape Matar Sarr,Tottenham-Hotspur,sn SEN,MF,20,0,0,,,,,,,,
Japhet Tanganga,Tottenham-Hotspur,eng ENG,DF,23,0,0,,,,,,,,
Harvey White,Tottenham-Hotspur,eng ENG,MF,21,0,0,,,,,,,,
Squad Total,Tottenham-Hotspur,,,,15,165,1350,29,21,2,26,1,24.1,17.8
David de Gea,Manchester-United,es ESP,GK,32,14,14,1260,0,0,0,0,0,0,0.1
Lisandro MartÃ­nez,Manchester-United,ar ARG,DF,24,14,14,1204,0,0,0,3,0,0.1,0
Bruno Fernandes,Manchester-United,pt POR,"MF,FW",28,13,13,1169,2,1,0,5,0,2,3.2
Diogo Dalot,Manchester-United,pt POR,DF,23,13,13,1165,0,1,0,5,0,0.6,1.3
Marcus Rashford,Manchester-United,eng ENG,FW,25,14,13,1126,4,2,0,1,0,4.2,2
Christian Eriksen,Manchester-United,dk DEN,MF,30,13,12,1043,1,4,0,1,0,2.4,1.8
Jadon Sancho,Manchester-United,eng ENG,FW,22,10,10,714,2,1,0,0,0,1.6,0.8
Luke Shaw,Manchester-United,eng ENG,DF,27,10,9,783,0,1,0,3,0,0.2,1.4
RaphaÃ«l Varane,Manchester-United,fr FRA,DF,29,10,8,684,0,0,0,1,0,0,0.1
Casemiro,Manchester-United,br BRA,MF,30,11,7,712,1,1,0,2,0,0.5,0.8
Scott McTominay,Manchester-United,sct SCO,MF,25,12,6,640,0,0,0,5,0,0.7,0.2
Tyrell Malacia,Manchester-United,nl NED,DF,23,9,6,567,0,0,0,2,0,0,0
Antony,Manchester-United,br BRA,"FW,MF",22,6,6,491,3,0,0,1,0,1.6,0.4
Anthony Elanga,Manchester-United,se SWE,FW,20,10,5,369,0,1,0,0,0,0.5,0.8
Cristiano Ronaldo,Manchester-United,pt POR,FW,37,10,4,525,1,0,0,2,0,1.9,0.4
Fred,Manchester-United,br BRA,MF,29,11,4,398,1,0,0,2,0,0.8,0.8
Victor LindelÃ¶f,Manchester-United,se SWE,DF,28,5,3,352,0,0,0,0,0,0,0
Harry Maguire,Manchester-United,eng ENG,DF,29,4,3,281,0,0,0,3,0,0.2,0
Anthony Martial,Manchester-United,fr FRA,"FW,MF",26,5,2,201,2,2,1,0,0,1.7,0.8
Donny van de Beek,Manchester-United,nl NED,MF,25,4,1,87,0,0,0,0,0,0,0
Alejandro Garnacho,Manchester-United,es ESP,FW,18,3,1,84,1,0,0,1,0,0.4,0
Aaron Wan-Bissaka,Manchester-United,eng ENG,DF,25,1,0,5,0,0,0,0,0,0,0
Nathan Bishop,Manchester-United,eng ENG,GK,23,0,0,,,,,,,,
Martin DÃºbravka,Manchester-United,sk SVK,GK,33,0,0,,,,,,,,
James Garner,Manchester-United,eng ENG,MF,21,0,0,,,,,,,,
Tom Heaton,Manchester-United,eng ENG,GK,36,0,0,,,,,,,,
Zidane Iqbal,Manchester-United,iq IRQ,MF,19,0,0,,,,,,,,
Matej Kovar,Manchester-United,cz CZE,GK,22,0,0,,,,,,,,
Kobbie Mainoo,Manchester-United,eng ENG,MF,17,0,0,,,,,,,,
Facundo Pellistri,Manchester-United,uy URU,FW,20,0,0,,,,,,,,
Shola Shoretire,Manchester-United,eng ENG,MF,18,0,0,,,,,,,,
Squad Total,Manchester-United,,,,14,154,1260,18,14,1,37,0,18.8,14.8
Alisson,Liverpool,br BRA,GK,30,14,14,1260,0,1,0,0,0,0,0.3
Virgil van Dijk,Liverpool,nl NED,DF,31,14,14,1260,1,0,0,1,0,1,0
Mohamed Salah,Liverpool,eg EGY,FW,30,14,14,1236,6,3,0,0,0,7,2.2
Trent Alexander-Arnold,Liverpool,eng ENG,DF,24,14,12,989,1,0,0,2,0,1.1,2.2
Fabinho,Liverpool,br BRA,MF,29,14,11,997,0,0,0,2,0,0.2,0.5
Roberto Firmino,Liverpool,br BRA,"FW,MF",31,13,11,929,7,3,0,0,0,4.2,1.8
Andrew Robertson,Liverpool,sct SCO,DF,28,12,10,861,0,4,0,0,0,0.4,2.4
Harvey Elliott,Liverpool,eng ENG,MF,19,14,10,859,1,1,0,0,0,1,2.2
Joe Gomez,Liverpool,eng ENG,DF,25,12,9,887,0,0,0,2,0,0.1,0.2
Thiago AlcÃ¡ntara,Liverpool,es ESP,MF,31,8,8,644,0,0,0,1,0,0.1,0.6
Jordan Henderson,Liverpool,eng ENG,MF,32,12,7,648,0,0,0,0,0,0.5,1
Luis DÃ­az,Liverpool,co COL,FW,25,8,7,613,3,2,0,2,0,1.7,1
Darwin NÃºÃ±ez,Liverpool,uy URU,FW,23,10,7,604,5,2,0,0,1,4.7,2.3
James Milner,Liverpool,eng ENG,"DF,MF",36,12,4,469,0,1,0,0,0,0.3,0.7
Kostas Tsimikas,Liverpool,gr GRE,DF,26,10,4,367,0,3,0,1,0,0.2,0.7
Fabio Carvalho,Liverpool,pt POR,"MF,FW",20,11,4,337,2,0,0,0,0,1.1,0.1
JoÃ«l Matip,Liverpool,cm CMR,DF,31,4,3,259,0,0,0,0,0,0,0
Diogo Jota,Liverpool,pt POR,"FW,MF",25,4,2,196,0,1,0,1,0,0.8,0.8
Curtis Jones,Liverpool,eng ENG,MF,21,4,1,172,0,0,0,0,0,0.2,0.2
Ibrahima KonatÃ©,Liverpool,fr FRA,DF,23,2,1,112,0,0,0,0,0,0,0
Nathaniel Phillips,Liverpool,eng ENG,DF,25,2,1,66,0,0,0,0,0,0,0
Alex Oxlade-Chamberlain,Liverpool,eng ENG,FW,29,3,0,32,0,0,0,0,0,0,0.1
Stefan Bajcetic,Liverpool,es ESP,MF,18,1,0,21,0,0,0,0,0,0,0
Bobby Clark,Liverpool,eng ENG,MF,17,1,0,8,0,0,0,0,0,0,0
AdriÃ¡n,Liverpool,es ESP,GK,35,0,0,,,,,,,,
Luke Chambers,Liverpool,eng ENG,DF,18,0,0,,,,,,,,
Harvey Davies,Liverpool,eng ENG,GK,19,0,0,,,,,,,,
Sepp van den Berg,Liverpool,nl NED,"DF,MF",20,0,0,,,,,,,,
Ben Doak,Liverpool,sct SCO,FW,17,0,0,,,,,,,,
Naby KeÃ¯ta,Liverpool,gn GUI,MF,27,0,0,,,,,,,,
CaoimhÃ­n Kelleher,Liverpool,ie IRL,GK,24,0,0,,,,,,,,
Arthur Melo,Liverpool,br BRA,MF,26,0,0,,,,,,,,
Calvin Ramsay,Liverpool,sct SCO,DF,19,0,0,,,,,,,,
Squad Total,Liverpool,,,,14,154,1260,26,21,0,12,1,24.2,19.1
Lewis Dunk,Brighton-and-Hove-Albion,eng ENG,DF,31,14,14,1260,0,0,0,0,0,0.7,0.1
Robert SÃ¡nchez,Brighton-and-Hove-Albion,es ESP,GK,25,14,14,1260,0,0,0,0,0,0,0
Alexis Mac Allister,Brighton-and-Hove-Albion,ar ARG,MF,23,14,14,1256,5,0,3,4,0,3.6,0.8
MoisÃ©s Caicedo,Brighton-and-Hove-Albion,ec ECU,MF,21,14,14,1245,1,0,0,4,0,0.8,0.8
Solly March,Brighton-and-Hove-Albion,eng ENG,"DF,FW",28,14,14,1214,0,2,0,1,0,2.6,1.3
Pascal GroÃŸ,Brighton-and-Hove-Albion,de GER,"MF,FW",31,14,14,1192,5,2,0,2,0,2.7,3.4
Leandro Trossard,Brighton-and-Hove-Albion,be BEL,"FW,MF",27,14,14,1174,7,2,0,1,0,4.3,1.9
Adam Webster,Brighton-and-Hove-Albion,eng ENG,DF,27,13,13,1170,0,0,0,1,0,1.2,0
Danny Welbeck,Brighton-and-Hove-Albion,eng ENG,FW,32,13,11,996,0,2,0,0,0,3,1.8
JoÃ«l Veltman,Brighton-and-Hove-Albion,nl NED,DF,30,13,11,947,0,0,0,1,0,0.5,0.2
Pervis EstupiÃ±Ã¡n,Brighton-and-Hove-Albion,ec ECU,DF,24,11,8,631,0,0,0,3,0,0.1,1.7
Adam Lallana,Brighton-and-Hove-Albion,eng ENG,"MF,FW",34,11,8,489,1,1,0,0,0,0.8,0.8
Kaoru Mitoma,Brighton-and-Hove-Albion,jp JPN,"FW,MF",25,9,2,314,1,1,0,0,0,0.2,2.2
Enock Mwepu,Brighton-and-Hove-Albion,zm ZAM,"FW,MF",24,6,2,213,0,1,0,0,0,0.2,0.5
Levi Colwill,Brighton-and-Hove-Albion,eng ENG,DF,19,3,1,103,0,0,0,0,0,0.2,0
Tariq Lamptey,Brighton-and-Hove-Albion,gh GHA,DF,22,11,0,188,0,0,0,1,0,0,0.1
Deniz Undav,Brighton-and-Hove-Albion,de GER,"FW,MF",26,8,0,101,0,0,0,0,0,0.6,0.2
Julio CÃ©sar Enciso,Brighton-and-Hove-Albion,py PAR,"MF,FW",18,2,0,80,0,0,0,1,0,0.3,0
Billy Gilmour,Brighton-and-Hove-Albion,sct SCO,MF,21,4,0,16,0,0,0,0,0,0,0
Jeremy Sarmiento,Brighton-and-Hove-Albion,ec ECU,"MF,FW",20,2,0,8,0,0,0,0,0,0,0
Jan Paul van Hecke,Brighton-and-Hove-Albion,nl NED,DF,22,1,0,3,0,0,0,0,0,0,0
Steven Alzate,Brighton-and-Hove-Albion,co COL,MF,24,0,0,,,,,,,,
Evan Ferguson,Brighton-and-Hove-Albion,ie IRL,FW,18,0,0,,,,,,,,
James Furlong,Brighton-and-Hove-Albion,ie IRL,DF,20,0,0,,,,,,,,
Neal Maupay,Brighton-and-Hove-Albion,fr FRA,"FW,MF",26,0,0,,,,,,,,
Andrew Moran,Brighton-and-Hove-Albion,ie IRL,DF,19,0,0,,,,,,,,
Jason Steele,Brighton-and-Hove-Albion,eng ENG,GK,32,0,0,,,,,,,,
Ed Turns,Brighton-and-Hove-Albion,wls WAL,DF,20,0,0,,,,,,,,
Squad Total,Brighton-and-Hove-Albion,,,,14,154,1260,20,11,3,19,0,21.5,15.7
Mason Mount,Chelsea,eng ENG,"MF,FW",23,14,13,1030,2,2,0,2,0,1.5,1.6
Ruben Loftus-Cheek,Chelsea,eng ENG,"MF,DF",26,14,12,954,0,0,0,1,0,0.8,0.9
Thiago Silva,Chelsea,br BRA,DF,38,12,11,1074,0,2,0,1,0,0.5,0.4
Raheem Sterling,Chelsea,eng ENG,"FW,MF",27,12,11,950,3,1,0,3,0,3,2.1
Jorginho,Chelsea,it ITA,MF,30,13,11,903,2,0,2,3,0,1.7,0.2
Kai Havertz,Chelsea,de GER,"FW,MF",23,13,11,883,3,0,0,3,0,2.8,0.4
Marc Cucurella,Chelsea,es ESP,DF,24,13,11,847,0,2,0,2,0,0.3,0.3
Edouard Mendy,Chelsea,sn SEN,GK,30,9,8,765,0,0,0,1,0,0,0
Kalidou Koulibaly,Chelsea,sn SEN,DF,31,9,8,742,1,0,0,4,1,0.4,0.2
Trevoh Chalobah,Chelsea,eng ENG,DF,23,8,8,720,0,0,0,1,0,0.3,0
CÃ©sar Azpilicueta,Chelsea,es ESP,DF,33,11,7,672,0,0,0,2,0,0.1,0.7
Conor Gallagher,Chelsea,eng ENG,"MF,FW",22,12,7,498,1,1,0,3,1,0.5,1.3
Reece James,Chelsea,eng ENG,"DF,MF",22,7,6,559,1,1,0,3,0,0.7,1.6
Kepa Arrizabalaga,Chelsea,es ESP,GK,28,6,6,495,0,0,0,0,0,0,0
Mateo KovaÄiÄ‡,Chelsea,hr CRO,MF,28,11,5,635,0,1,0,2,0,0.3,0.5
Ben Chilwell,Chelsea,eng ENG,"DF,MF",25,9,4,419,1,1,0,1,0,0.3,0.1
Pierre-Emerick Aubameyang,Chelsea,ga GAB,FW,33,6,4,305,1,0,0,1,0,0.2,0.3
Christian Pulisic,Chelsea,us USA,"FW,DF",24,13,3,421,1,1,0,1,0,0.9,0.5
Armando Broja,Chelsea,al ALB,FW,21,12,2,294,1,0,0,0,0,0.8,0.1
Wesley Fofana,Chelsea,fr FRA,DF,21,2,2,180,0,0,0,0,0,0,0
N'Golo KantÃ©,Chelsea,fr FRA,MF,31,2,2,174,0,0,0,0,0,0.1,0.3
Hakim Ziyech,Chelsea,ma MAR,"MF,FW",29,5,1,152,0,0,0,0,0,0.2,0.1
Lewis Hall,Chelsea,eng ENG,DF,18,1,1,72,0,0,0,0,0,0,0.1
Carney Chukwuemeka,Chelsea,eng ENG,MF,19,3,0,46,0,0,0,0,0,0.1,0
Ethan Ampadu,Chelsea,wls WAL,"DF,MF",22,0,0,,,,,,,,
Marcus Bettinelli,Chelsea,eng ENG,GK,30,0,0,,,,,,,,
Billy Gilmour,Chelsea,sct SCO,MF,21,0,0,,,,,,,,
Callum Hudson-Odoi,Chelsea,eng ENG,"FW,MF",22,0,0,,,,,,,,
Omari Hutchinson,Chelsea,eng ENG,DF,19,0,0,,,,,,,,
Harvey Vale,Chelsea,eng ENG,MF,19,0,0,,,,,,,,
Denis Zakaria,Chelsea,ch SUI,MF,26,0,0,,,,,,,,
Squad Total,Chelsea,,,,14,154,1260,17,12,2,34,2,15.4,11.6
Tim Ream,Fulham,us USA,DF,35,15,15,1347,0,0,0,1,0,0.2,0
Andreas Pereira,Fulham,br BRA,MF,26,15,15,1240,2,4,1,3,0,2.2,2.8
JoÃ£o Palhinha,Fulham,pt POR,MF,27,14,14,1251,2,0,0,5,0,0.8,0
Bobby Reid,Fulham,jm JAM,"FW,DF",29,14,14,1211,3,1,0,6,0,2.5,0.6
Harrison Reed,Fulham,eng ENG,MF,27,14,14,1175,2,1,0,5,0,1,1.6
Bernd Leno,Fulham,de GER,GK,30,13,13,1170,0,0,0,0,0,0,0
Antonee Robinson,Fulham,us USA,DF,25,13,13,1108,0,0,0,4,0,0,0.3
Aleksandar MitroviÄ‡,Fulham,rs SRB,FW,28,12,12,1017,9,0,3,4,0,7.7,1.3
Tosin Adarabioyo,Fulham,eng ENG,DF,25,10,10,900,1,0,0,0,0,0.1,0
Neeskens Kebano,Fulham,cd COD,FW,30,12,9,713,0,3,0,0,0,0.5,1.4
Kenny Tete,Fulham,nl NED,DF,27,9,8,708,0,3,0,5,0,0.1,0.3
Issa Diop,Fulham,fr FRA,DF,25,8,6,598,1,0,0,1,0,0.3,0
Willian,Fulham,br BRA,FW,34,8,6,564,1,1,0,0,0,1.7,1.2
Carlos VinÃ­cius,Fulham,br BRA,FW,27,9,3,327,0,0,0,1,0,0.3,0.4
Daniel James,Fulham,wls WAL,FW,25,8,3,307,1,0,0,0,0,1.3,0.3
Harry Wilson,Fulham,wls WAL,FW,25,7,3,268,0,0,0,0,0,0.4,0.1
Marek RodÃ¡k,Fulham,sk SVK,GK,25,2,2,180,0,0,0,0,0,0,0
Tom Cairney,Fulham,sct SCO,MF,31,15,1,343,0,0,0,0,0,0.4,0.5
Kevin Mbabu,Fulham,ch SUI,"DF,FW",27,6,1,144,0,1,0,1,0,0,0.4
Jay Stansfield,Fulham,eng ENG,FW,20,3,1,87,0,0,0,0,0,0.3,0.1
Layvin Kurzawa,Fulham,fr FRA,DF,30,1,1,44,0,0,0,0,0,0,0
Nathaniel Chalobah,Fulham,eng ENG,MF,27,3,1,11,0,0,0,0,1,0.1,0
Manor Solomon,Fulham,il ISR,FW,23,1,0,25,0,0,0,0,0,0,0
Josh Onomah,Fulham,eng ENG,MF,25,2,0,15,0,0,0,0,0,0,0
Luke Harris,Fulham,wls WAL,"FW,MF",17,2,0,7,0,0,0,0,0,0,0
Shane Duffy,Fulham,ie IRL,"FW,DF",30,4,0,6,0,0,0,0,0,0,0
Tyrese Francois,Fulham,au AUS,FW,22,1,0,1,0,0,0,0,0,0,0
Terry Ablade,Fulham,fi FIN,FW,21,0,0,,,,,,,,
Rodrigo Muniz,Fulham,br BRA,FW,21,0,0,,,,,,,,
Stefan Parkes,Fulham,eng ENG,DF,18,0,0,,,,,,,,
Kristian Sekularac,Fulham,eng ENG,MF,18,0,0,,,,,,,,
Squad Total,Fulham,,,,15,165,1350,22,14,4,36,1,19.6,11.3
David Raya,Brentford,es ESP,GK,27,15,15,1350,0,0,0,0,0,0,0
Rico Henry,Brentford,eng ENG,DF,25,15,15,1346,0,1,0,0,0,0.5,0.8
Mathias Jensen,Brentford,dk DEN,MF,26,15,15,1127,1,3,0,2,0,0.5,2
Bryan Mbeumo,Brentford,cm CMR,FW,23,15,15,1120,3,1,1,3,0,3.6,1.6
Ivan Toney,Brentford,eng ENG,FW,26,14,14,1260,10,2,3,5,0,8,2.1
Ben Mee,Brentford,eng ENG,DF,33,14,14,1208,2,0,0,1,0,1.2,0.1
Vitaly Janelt,Brentford,de GER,"MF,DF",24,15,11,990,1,1,0,1,0,1,0.7
Aaron Hickey,Brentford,sct SCO,DF,20,9,8,679,0,0,0,4,0,0.1,0
Josh Dasilva,Brentford,eng ENG,MF,24,15,7,687,2,1,0,1,0,0.5,1.1
Ethan Pinnock,Brentford,jm JAM,DF,29,7,7,630,0,0,0,0,0,0.1,0.1
Yoane Wissa,Brentford,cd COD,FW,26,15,6,642,3,1,0,1,0,2.6,1
Pontus Jansson,Brentford,se SWE,DF,31,6,6,514,0,0,0,0,0,0,0
Kristoffer Ajer,Brentford,no NOR,DF,24,6,6,502,0,0,0,0,0,0,0
Mathias JÃ¸rgensen,Brentford,dk DEN,DF,32,8,5,457,0,0,0,0,0,0.4,0.1
Mads Roerslev,Brentford,dk DEN,DF,23,7,5,433,0,0,0,0,0,0.1,0.5
Frank Onyeka,Brentford,ng NGA,MF,24,12,4,442,0,1,0,0,0,0.4,0.5
Shandon Baptiste,Brentford,gd GRN,MF,24,12,4,431,0,0,0,1,0,0.2,0.7
Christian NÃ¸rgaard,Brentford,dk DEN,MF,28,5,4,338,1,0,0,0,0,0.4,0.1
Keane Lewis-Potter,Brentford,eng ENG,"FW,MF",21,7,3,287,0,1,0,0,0,0.5,1.2
Mikkel Damsgaard,Brentford,dk DEN,"MF,FW",22,9,1,267,0,0,0,2,0,0.4,0.4
Sergi CanÃ³s,Brentford,es ESP,"FW,DF",25,4,0,74,0,0,0,0,0,0.1,0
Saman Ghoddos,Brentford,ir IRN,"MF,FW",29,6,0,38,0,0,0,0,0,0,0
Mads Bech SÃ¸rensen,Brentford,dk DEN,"DF,MF",23,3,0,20,0,0,0,0,0,0,0
Halil DerviÅŸoÄŸlu,Brentford,tr TUR,MF,22,1,0,8,0,0,0,0,0,0,0
Matthew Cox,Brentford,eng ENG,GK,19,0,0,,,,,,,,
Tristan Crama,Brentford,fr FRA,MF,21,0,0,,,,,,,,
Finley Stevens,Brentford,wls WAL,DF,19,0,0,,,,,,,,
Thomas Strakosha,Brentford,al ALB,GK,27,0,0,,,,,,,,
Ryan Trevitt,Brentford,eng ENG,MF,19,0,0,,,,,,,,
Yehor Yarmoliuk,Brentford,ua UKR,MF,18,0,0,,,,,,,,
Squad Total,Brentford,,,,15,165,1350,23,12,4,21,0,20.3,12.9
Vicente Guaita,Crystal-Palace,es ESP,GK,35,14,14,1260,0,0,0,1,0,0,0
Marc GuÃ©hi,Crystal-Palace,eng ENG,DF,22,14,14,1260,0,0,0,5,0,0.2,0.1
Eberechi Eze,Crystal-Palace,eng ENG,"MF,FW",24,14,14,1139,2,3,0,0,0,2,2.1
Joachim Andersen,Crystal-Palace,dk DEN,DF,26,13,13,1170,1,0,0,2,0,0.9,0.4
Wilfried Zaha,Crystal-Palace,ci CIV,"FW,MF",30,13,13,1147,6,2,0,3,0,4.6,1.6
Jeffrey Schlupp,Crystal-Palace,gh GHA,MF,29,14,12,1094,0,0,0,3,0,1,0.3
Tyrick Mitchell,Crystal-Palace,eng ENG,DF,23,14,12,977,0,2,0,2,0,0.1,0.6
Cheick DoucourÃ©,Crystal-Palace,ml MLI,MF,22,12,12,963,0,1,0,4,0,0.4,1
Joel Ward,Crystal-Palace,eng ENG,DF,33,12,11,1021,0,0,0,4,0,0,0.1
Jordan Ayew,Crystal-Palace,gh GHA,"FW,MF",31,14,11,904,0,1,0,1,0,0.7,1.2
Odsonne Ã‰douard,Crystal-Palace,fr FRA,FW,24,13,9,767,3,2,0,3,0,1.9,0.8
Michael Olise,Crystal-Palace,fr FRA,"MF,FW",20,13,8,754,1,2,0,1,0,0.9,1.7
Nathaniel Clyne,Crystal-Palace,eng ENG,DF,31,8,7,580,0,0,0,1,0,0,0.3
Jean-Philippe Mateta,Crystal-Palace,fr FRA,FW,25,11,2,283,1,0,0,2,0,1.2,0.5
Luka MilivojeviÄ‡,Crystal-Palace,rs SRB,MF,31,9,2,279,0,0,0,0,0,0.2,0
Will Hughes,Crystal-Palace,eng ENG,MF,27,8,0,92,0,0,0,0,0,0.1,0
James Tomkins,Crystal-Palace,eng ENG,DF,33,1,0,48,0,0,0,0,0,0,0
Chris Richards,Crystal-Palace,us USA,DF,22,3,0,47,0,0,0,0,0,0.1,0.3
JaÃ¯ro Riedewald,Crystal-Palace,nl NED,"DF,FW",26,3,0,41,0,0,0,0,0,0,0
Malcolm Ebiowei,Crystal-Palace,eng ENG,"MF,FW",19,3,0,34,0,0,0,0,0,0,0
Kofi Balmer,Crystal-Palace,nir NIR,DF,22,0,0,,,,,,,,
Owen Goodman,Crystal-Palace,eng ENG,GK,19,0,0,,,,,,,,
John-Kymani Gordon,Crystal-Palace,eng ENG,FW,19,0,0,,,,,,,,
Sam Johnstone,Crystal-Palace,eng ENG,GK,29,0,0,,,,,,,,
Killian Phillips,Crystal-Palace,ie IRL,DF,20,0,0,,,,,,,,
Luke Plange,Crystal-Palace,eng ENG,FW,20,0,0,,,,,,,,
Kaden Rodney,Crystal-Palace,eng ENG,MF,18,0,0,,,,,,,,
Jack Wells-Morrison,Crystal-Palace,eng ENG,MF,18,0,0,,,,,,,,
Joseph Whitworth,Crystal-Palace,eng ENG,GK,18,0,0,,,,,,,,
Squad Total,Crystal-Palace,,,,14,154,1260,14,13,0,32,0,14,10.8
Emiliano MartÃ­nez,Aston-Villa,ar ARG,GK,30,15,15,1294,0,0,0,2,0,0,0.3
Ezri Konsa,Aston-Villa,eng ENG,DF,25,15,14,1261,0,0,0,2,0,0.5,0.5
Ollie Watkins,Aston-Villa,eng ENG,FW,26,14,13,1172,2,3,0,1,0,4.3,1.9
Tyrone Mings,Aston-Villa,eng ENG,DF,29,13,13,1170,0,0,0,3,0,0,0.1
John McGinn,Aston-Villa,sct SCO,MF,28,15,12,1056,0,0,0,4,0,1,0.7
Matty Cash,Aston-Villa,pl POL,DF,25,13,12,1028,0,0,0,3,0,0.2,0.7
Jacob Ramsey,Aston-Villa,eng ENG,MF,21,15,12,1021,2,2,0,4,0,1.1,1.2
Leon Bailey,Aston-Villa,jm JAM,"FW,MF",25,14,11,827,3,2,0,4,0,1.9,2
Douglas Luiz,Aston-Villa,br BRA,MF,24,14,10,930,1,2,0,1,1,0.2,1.3
Lucas Digne,Aston-Villa,fr FRA,DF,29,10,9,811,1,0,0,2,0,0.2,0.5
Danny Ings,Aston-Villa,eng ENG,FW,30,14,8,726,5,0,2,3,0,3.8,0.4
Boubacar Kamara,Aston-Villa,fr FRA,MF,23,9,8,669,0,0,0,2,0,0,0.1
Ashley Young,Aston-Villa,eng ENG,DF,37,11,7,729,1,0,0,3,0,0.2,0.7
Emi BuendÃ­a,Aston-Villa,ar ARG,"FW,MF",25,15,7,726,1,0,0,0,0,2.6,0.8
Philippe Coutinho,Aston-Villa,br BRA,"MF,FW",30,12,6,571,0,0,0,2,0,1,0.3
Leander Dendoncker,Aston-Villa,be BEL,MF,27,8,3,300,0,0,0,0,0,0,0.3
Diego Carlos,Aston-Villa,br BRA,DF,29,2,2,179,0,0,0,0,0,0.4,0
Calum Chambers,Aston-Villa,eng ENG,DF,27,3,1,101,0,0,0,0,0,0,0
Jan Bednarek,Aston-Villa,pl POL,DF,26,2,1,91,0,0,0,0,0,0,0
Ludwig Augustinsson,Aston-Villa,se SWE,DF,28,2,1,53,0,0,0,1,0,0,0
Robin Olsen,Aston-Villa,se SWE,GK,32,1,0,56,0,0,0,0,0,0,0
Cameron Archer,Aston-Villa,eng ENG,"FW,MF",21,6,0,49,0,0,0,0,0,0,0
Morgan Sanson,Aston-Villa,fr FRA,MF,28,1,0,1,0,0,0,0,0,0,0
Lamare Bogarde,Aston-Villa,nl NED,MF,18,0,0,,,,,,,,
Tim Iroegbunam,Aston-Villa,eng ENG,MF,19,0,0,,,,,,,,
Marvelous Nakamba,Aston-Villa,zw ZIM,MF,28,0,0,,,,,,,,
Squad Total,Aston-Villa,,,,15,165,1350,16,9,2,37,1,17.1,11.7
Danny Ward,Leicester-City,wls WAL,GK,29,15,15,1350,0,0,0,0,0,0,0
James Justin,Leicester-City,eng ENG,DF,24,14,14,1252,0,0,0,0,0,0.3,0.3
Youri Tielemans,Leicester-City,be BEL,MF,25,15,14,1165,3,1,1,1,0,2,2.4
Kiernan Dewsbury-Hall,Leicester-City,eng ENG,MF,24,15,14,1134,1,2,0,1,0,0.7,2.1
Timothy Castagne,Leicester-City,be BEL,DF,26,14,13,1191,1,2,0,0,0,1.4,1.1
James Maddison,Leicester-City,eng ENG,"MF,FW",26,13,13,1098,7,4,0,5,0,2.6,2.9
Harvey Barnes,Leicester-City,eng ENG,MF,24,13,13,1086,6,0,0,0,0,3.5,0.6
Daniel Amartey,Leicester-City,gh GHA,DF,27,12,10,915,0,0,0,0,0,0.1,0.5
Jonny Evans,Leicester-City,nir NIR,DF,34,9,9,810,0,0,0,0,0,0.2,0
Wout Faes,Leicester-City,be BEL,DF,24,9,9,810,0,0,0,1,0,0.3,0.3
Boubakary SoumarÃ©,Leicester-City,fr FRA,MF,23,11,9,668,0,0,0,3,0,0,0.1
Jamie Vardy,Leicester-City,eng ENG,FW,35,15,8,751,1,4,0,1,0,2.1,0.4
Patson Daka,Leicester-City,zm ZAM,FW,24,14,7,642,3,2,0,2,0,2.3,1.8
Wilfred Ndidi,Leicester-City,ng NGA,"MF,DF",25,10,7,638,0,0,0,2,0,0.1,0
Luke Thomas,Leicester-City,eng ENG,DF,21,4,3,273,0,0,0,1,0,0,0
Dennis Praet,Leicester-City,be BEL,MF,28,7,2,266,0,0,0,1,0,0.2,0
Wesley Fofana,Leicester-City,fr FRA,DF,21,2,2,180,0,0,0,1,0,0.1,0
Kelechi Iheanacho,Leicester-City,ng NGA,"FW,MF",26,10,1,219,1,1,0,0,0,1.5,0.6
Ayoze PÃ©rez,Leicester-City,es ESP,MF,29,5,1,148,0,1,0,0,0,0.4,1.2
Ã‡aÄŸlar SÃ¶yÃ¼ncÃ¼,Leicester-City,tr TUR,DF,26,1,1,71,0,0,0,0,0,0,0
Nampalys Mendy,Leicester-City,sn SEN,MF,30,6,0,152,0,0,0,0,0,0.1,0
Marc Albrighton,Leicester-City,eng ENG,MF,33,3,0,31,0,0,0,0,0,0,0
Samuel Braybrooke,Leicester-City,eng ENG,MF,18,0,0,,,,,,,,
Lewis Brunt,Leicester-City,eng ENG,DF,22,0,0,,,,,,,,
Daniel Iversen,Leicester-City,dk DEN,GK,25,0,0,,,,,,,,
Jannik Vestergaard,Leicester-City,dk DEN,DF,30,0,0,,,,,,,,
Squad Total,Leicester-City,,,,15,165,1350,23,17,1,19,0,17.6,14.2
Jefferson Lerma,Bournemouth,co COL,"MF,DF",28,15,15,1350,2,0,0,3,0,1.2,0.3
Adam Smith,Bournemouth,eng ENG,DF,31,15,15,1305,0,1,0,4,0,0.4,0.4
Marcus Tavernier,Bournemouth,eng ENG,"MF,FW",23,15,15,1283,2,4,0,1,0,1.7,2.2
Chris Mepham,Bournemouth,wls WAL,DF,25,14,14,1251,0,0,0,5,0,0.3,0.1
Lewis Cook,Bournemouth,eng ENG,MF,25,15,13,1193,0,2,0,2,0,0.1,2
Philip Billing,Bournemouth,dk DEN,"MF,FW",26,15,13,1133,4,1,0,1,0,1.2,1.2
Dominic Solanke,Bournemouth,eng ENG,"FW,MF",25,13,12,1071,3,3,0,0,0,2.4,1.1
Marcos Senesi,Bournemouth,ar ARG,DF,25,12,11,939,0,0,0,1,0,0.1,0.2
Jordan Zemura,Bournemouth,zw ZIM,DF,23,11,9,788,0,1,0,1,0,0,0.9
Ryan Christie,Bournemouth,sct SCO,"MF,FW",27,13,9,718,1,0,0,1,0,1.3,0.3
Kieffer Moore,Bournemouth,wls WAL,FW,30,15,8,750,4,0,0,0,0,2,0.3
Neto,Bournemouth,br BRA,GK,33,8,8,675,0,0,0,2,0,0,0
Mark Travers,Bournemouth,ie IRL,GK,23,8,7,675,0,0,0,0,0,0,0
Ryan Fredericks,Bournemouth,eng ENG,DF,30,8,5,451,0,0,0,1,0,0,0.1
Lloyd Kelly,Bournemouth,eng ENG,DF,24,5,5,450,0,2,0,0,0,0,0.1
Ben Pearson,Bournemouth,eng ENG,MF,27,5,3,214,0,0,0,1,0,0,0
Jaidon Anthony,Bournemouth,eng ENG,"FW,MF",22,10,1,272,2,0,0,0,0,0.9,0.1
Jack Stacey,Bournemouth,eng ENG,DF,26,6,1,134,0,0,0,1,0,0.1,0
Jack Stephens,Bournemouth,eng ENG,DF,28,3,1,93,0,0,0,0,0,0,0.1
Junior Stanislas,Bournemouth,eng ENG,MF,33,4,0,61,0,0,0,0,0,0,0.1
Joe Rothwell,Bournemouth,eng ENG,"MF,DF",27,2,0,17,0,0,0,0,0,0,0
Owen Bevan,Bournemouth,wls WAL,DF,19,1,0,9,0,0,0,0,0,0,0
Emiliano Marcondes,Bournemouth,dk DEN,MF,27,1,0,9,0,0,0,0,0,0,0
Siriki DembÃ©lÃ©,Bournemouth,ci CIV,FW,26,1,0,8,0,0,0,0,0,0,0
Jamal Lowe,Bournemouth,jm JAM,FW,28,1,0,1,0,0,0,0,0,0,0
Will Dennis,Bournemouth,eng ENG,GK,22,0,0,,,,,,,,
James Hill,Bournemouth,eng ENG,DF,20,0,0,,,,,,,,
Cameron Plain,Bournemouth,eng ENG,GK,20,0,0,,,,,,,,
Christian Saydee,Bournemouth,lr LBR,MF,20,0,0,,,,,,,,
Squad Total,Bournemouth,,,,15,165,1350,18,14,0,24,0,11.6,9.5
Illan Meslier,Leeds-United,fr FRA,GK,22,14,14,1260,0,0,0,0,0,0,0
Robin Koch,Leeds-United,de GER,DF,26,14,14,1215,0,0,0,3,0,0.2,0
Brenden Aaronson,Leeds-United,us USA,"MF,FW",22,14,14,1189,1,2,0,2,0,1.9,2.9
Marc Roca,Leeds-United,es ESP,MF,26,14,14,1031,1,1,0,3,0,0.9,0.5
Tyler Adams,Leeds-United,us USA,MF,23,13,13,1166,0,0,0,4,1,0,0.9
Pascal Struijk,Leeds-United,nl NED,DF,23,13,13,1164,1,1,0,2,0,0.9,2.3
Rasmus Nissen,Leeds-United,dk DEN,DF,25,12,12,1048,0,1,0,4,0,0.4,0.8
Jack Harrison,Leeds-United,eng ENG,"FW,MF",26,13,12,937,1,3,0,2,0,1.3,1.9
Rodrigo,Leeds-United,es ESP,"FW,MF",31,13,12,886,9,1,1,1,0,5.4,1.2
Liam Cooper,Leeds-United,sct SCO,DF,31,8,7,675,1,0,0,1,0,0.4,0.4
Diego Llorente,Leeds-United,es ESP,DF,29,7,7,630,0,0,0,1,0,0.7,0
Luis Sinisterra,Leeds-United,co COL,FW,23,9,6,453,2,0,0,3,1,1.5,0.2
Crysencio Summerville,Leeds-United,nl NED,"FW,MF",21,10,4,473,4,0,0,1,0,1.5,0.3
Patrick Bamford,Leeds-United,eng ENG,FW,29,10,4,429,0,1,0,0,0,4.1,0.3
Daniel James,Leeds-United,wls WAL,FW,25,4,2,198,0,0,0,0,0,0.3,0.3
Sam Greenwood,Leeds-United,eng ENG,"MF,FW",20,6,1,188,1,1,0,0,0,0.5,0.3
Joe Gelhardt,Leeds-United,eng ENG,FW,20,11,1,169,0,1,0,1,0,0.7,0.1
Luke Ayling,Leeds-United,eng ENG,DF,31,7,1,159,0,1,0,0,0,0.2,0.1
Junior Firpo,Leeds-United,es ESP,DF,26,2,1,114,0,0,0,0,0,0,0.1
Degnand Gnonto,Leeds-United,it ITA,"FW,MF",19,3,1,109,0,1,0,0,0,0,0.6
Cody Drameh,Leeds-United,eng ENG,DF,20,1,1,69,0,0,0,0,0,0,0
Mateusz Klich,Leeds-United,pl POL,"MF,FW",32,11,0,199,0,0,0,1,0,0.1,0.2
Adam Forshaw,Leeds-United,eng ENG,MF,31,3,0,50,0,0,0,0,0,0,0.4
Mateo FernÃ¡ndez,Leeds-United,es ESP,MF,19,1,0,2,0,0,0,0,0,0,0
Leo Fuhr Hjelde,Leeds-United,no NOR,DF,19,0,0,,,,,,,,
Archie Gray,Leeds-United,eng ENG,MF,16,0,0,,,,,,,,
Darko Gyabi,Leeds-United,eng ENG,MF,18,0,0,,,,,,,,
Kristoffer Klaesson,Leeds-United,no NOR,GK,22,0,0,,,,,,,,
Sonny Perkins,Leeds-United,eng ENG,FW,18,0,0,,,,,,,,
Joel Robles,Leeds-United,es ESP,GK,32,0,0,,,,,,,,
Squad Total,Leeds-United,,,,14,154,1260,21,14,1,29,2,20.3,13.5
Declan Rice,West-Ham-United,eng ENG,MF,23,15,15,1350,1,1,0,2,0,1.4,1.8
Jarrod Bowen,West-Ham-United,eng ENG,FW,25,15,15,1340,2,0,1,0,0,4.3,1.9
TomÃ¡Å¡ SouÄek,West-Ham-United,cz CZE,MF,27,15,15,1307,1,1,0,1,0,2.5,0.6
Åukasz FabiaÅ„ski,West-Ham-United,pl POL,GK,37,15,15,1243,0,0,0,0,0,0,0
Aaron Cresswell,West-Ham-United,eng ENG,DF,32,14,14,1240,0,0,0,2,0,0.2,2.5
Kurt Zouma,West-Ham-United,fr FRA,DF,28,14,14,1184,1,0,0,0,0,1.1,0
Thilo Kehrer,West-Ham-United,de GER,DF,26,13,13,1170,0,0,0,4,0,0.3,0.2
Pablo Fornals,West-Ham-United,es ESP,"FW,MF",26,14,9,776,1,0,0,0,0,0.6,1
Gianluca Scamacca,West-Ham-United,it ITA,FW,23,13,9,755,2,0,0,3,0,2.1,0.6
SaÃ¯d Benrahma,West-Ham-United,dz ALG,"FW,MF",27,13,7,751,2,1,1,0,0,2.4,1.1
VladimÃ­r Coufal,West-Ham-United,cz CZE,"DF,MF",30,9,7,685,0,0,0,1,0,0.1,0.6
Lucas PaquetÃ¡,West-Ham-United,br BRA,"MF,FW",25,8,7,587,0,2,0,2,0,1.3,0.6
Michail Antonio,West-Ham-United,jm JAM,FW,32,14,6,607,2,1,0,1,0,2,0.4
Ben Johnson,West-Ham-United,eng ENG,DF,22,7,6,488,0,0,0,0,0,0,0.2
Craig Dawson,West-Ham-United,eng ENG,DF,32,5,5,450,0,0,0,2,0,0.1,0.1
Flynn Downes,West-Ham-United,eng ENG,MF,23,6,3,265,0,0,0,0,0,0.2,0
Emerson Palmieri,West-Ham-United,it ITA,"DF,MF",28,7,3,224,0,0,0,1,0,0.1,0
Manuel Lanzini,West-Ham-United,ar ARG,"MF,FW",29,5,1,126,0,0,0,0,0,0.1,0
Maxwel Cornet,West-Ham-United,ci CIV,FW,26,5,1,91,0,0,0,0,0,0.5,0
Alphonse Areola,West-Ham-United,fr FRA,GK,29,2,0,107,0,0,0,0,0,0,0
Nayef Aguerd,West-Ham-United,ma MAR,DF,26,1,0,76,0,0,0,0,0,0.1,0
Angelo Ogbonna,West-Ham-United,it ITA,DF,34,2,0,27,0,0,0,0,0,0,0.1
Conor Coventry,West-Ham-United,ie IRL,"MF,FW",22,1,0,1,0,0,0,0,0,0,0
Harrison Ashby,West-Ham-United,sct SCO,DF,21,0,0,,,,,,,,
Armstrong Okoflex,West-Ham-United,ie IRL,MF,20,0,0,,,,,,,,
Darren Randolph,West-Ham-United,ie IRL,GK,35,0,0,,,,,,,,
Nikola VlaÅ¡iÄ‡,West-Ham-United,hr CRO,"FW,MF",25,0,0,,,,,,,,
Squad Total,West-Ham-United,,,,15,165,1350,12,6,2,19,0,18.6,11.6
James Tarkowski,Everton,eng ENG,DF,30,15,15,1350,0,0,0,2,0,0.8,0.8
Alex Iwobi,Everton,ng NGA,MF,26,15,15,1332,1,5,0,1,0,0.7,2.6
Demarai Gray,Everton,eng ENG,"FW,MF",26,15,15,1284,1,0,0,1,0,2.4,2.1
Vitaliy Mykolenko,Everton,ua UKR,"DF,MF",23,15,15,1283,0,0,0,2,0,0.4,0.5
Jordan Pickford,Everton,eng ENG,GK,28,14,14,1260,0,1,0,3,0,0,0.1
Conor Coady,Everton,eng ENG,DF,29,14,14,1250,1,1,0,1,0,0.6,0.3
Amadou Onana,Everton,be BEL,MF,21,14,12,1035,0,1,0,4,0,1.7,1
Anthony Gordon,Everton,eng ENG,FW,21,14,11,983,3,0,0,6,0,2.7,0.6
Idrissa Gana Gueye,Everton,sn SEN,MF,33,10,9,738,0,0,0,3,0,0,0.1
Nathan Patterson,Everton,sct SCO,"DF,MF",21,10,8,767,0,0,0,1,0,0.5,0.3
Dwight McNeil,Everton,eng ENG,"FW,DF",23,15,8,734,2,0,0,2,0,0.6,1.2
SÃ©amus Coleman,Everton,ie IRL,DF,34,8,7,605,0,0,0,0,0,0.2,0.2
Neal Maupay,Everton,fr FRA,FW,26,10,6,553,1,0,0,1,0,2,0.5
Dominic Calvert-Lewin,Everton,eng ENG,FW,25,6,4,339,1,0,0,1,0,1.5,0.2
Mason Holgate,Everton,eng ENG,DF,26,4,3,320,0,0,0,1,0,0.3,0.3
Tom Davies,Everton,eng ENG,MF,24,7,3,298,0,0,0,2,0,0.5,0.1
Abdoulaye DoucourÃ©,Everton,ml MLI,MF,29,7,2,186,0,0,0,0,0,0.1,0
SalomÃ³n RondÃ³n,Everton,ve VEN,FW,33,7,1,109,0,0,0,0,0,0.8,0.2
Asmir BegoviÄ‡,Everton,ba BIH,GK,35,1,1,90,0,0,0,0,0,0,0
Yerry Mina,Everton,co COL,DF,28,1,1,69,0,0,0,1,0,0,0
Ben Godfrey,Everton,eng ENG,DF,24,1,1,17,0,0,0,0,0,0,0
James Garner,Everton,eng ENG,MF,21,6,0,142,0,0,0,1,0,0.1,0
Dele Alli,Everton,eng ENG,MF,26,2,0,40,0,0,0,0,0,0,0
RÃºben Vinagre,Everton,pt POR,"DF,MF",23,2,0,26,0,0,0,0,0,0,0
Michael Keane,Everton,eng ENG,DF,29,1,0,23,0,0,0,0,0,0,0
Thomas Cannon,Everton,ie IRL,FW,19,1,0,17,0,0,0,0,0,0.1,0
Kyle Alex John,Everton,eng ENG,DF,21,0,0,,,,,,,,
Allan,Everton,br BRA,"DF,MF",31,0,0,,,,,,,,
Jean-Philippe Gbamin,Everton,ci CIV,"DF,MF",27,0,0,,,,,,,,
AndrÃ© Gomes,Everton,pt POR,MF,29,0,0,,,,,,,,
Eldin JakupoviÄ‡,Everton,ch SUI,GK,38,0,0,,,,,,,,
Stanley Mills,Everton,eng ENG,MF,19,0,0,,,,,,,,
Lewis Warrington,Everton,eng ENG,MF,20,0,0,,,,,,,,
Reece Welch,Everton,eng ENG,DF,19,0,0,,,,,,,,
Squad Total,Everton,,,,15,165,1350,10,8,0,33,0,15.4,11.1
Dean Henderson,Nottingham-Forest,eng ENG,GK,25,15,15,1350,0,0,0,2,0,0,0
Scott McKenna,Nottingham-Forest,sct SCO,DF,26,14,14,1260,0,0,0,4,0,0.1,0.8
Brennan Johnson,Nottingham-Forest,wls WAL,"FW,MF",21,15,13,1187,2,0,1,2,0,3.2,0.7
Neco Williams,Nottingham-Forest,wls WAL,DF,21,15,12,1078,0,0,0,3,0,0.9,1.2
Morgan Gibbs-White,Nottingham-Forest,eng ENG,"FW,MF",22,13,12,1036,2,2,0,1,0,2.2,2.1
Ryan Yates,Nottingham-Forest,eng ENG,MF,25,13,11,1033,0,1,0,3,0,1.5,0.6
Steve Cook,Nottingham-Forest,eng ENG,DF,31,12,11,957,0,0,0,4,0,0.1,0.6
Jesse Lingard,Nottingham-Forest,eng ENG,"FW,MF",29,13,10,809,0,0,0,1,0,1,0.7
Remo Freuler,Nottingham-Forest,ch SUI,MF,30,11,9,831,0,0,0,2,0,0.1,0.2
Cheikhou KouyatÃ©,Nottingham-Forest,sn SEN,"MF,DF",32,12,9,704,1,0,0,2,0,0.3,0.6
Joe Worrall,Nottingham-Forest,eng ENG,DF,25,11,7,717,0,0,0,4,0,0.2,0.5
Harry Toffolo,Nottingham-Forest,eng ENG,DF,27,8,6,577,0,0,0,0,0,0.2,0.4
Serge Aurier,Nottingham-Forest,ci CIV,DF,29,7,6,530,0,0,0,1,0,0,0.2
Lewis O'Brien,Nottingham-Forest,eng ENG,MF,24,11,6,525,1,0,0,2,0,0.3,0.2
Taiwo Awoniyi,Nottingham-Forest,ng NGA,FW,25,13,6,512,3,0,0,0,0,3.6,0.7
Renan Lodi,Nottingham-Forest,br BRA,DF,24,7,6,505,0,0,0,1,0,0.4,0.1
Emmanuel Dennis,Nottingham-Forest,ng NGA,FW,25,9,3,345,1,1,0,2,0,0.6,0.3
Orel Mangala,Nottingham-Forest,be BEL,MF,24,7,3,267,0,0,0,0,0,0.2,0
Moussa Niakhate,Nottingham-Forest,fr FRA,DF,26,2,2,160,0,0,0,0,0,0.3,0
Willy Boly,Nottingham-Forest,ci CIV,DF,31,2,2,152,0,0,0,1,0,0,0
Jack Colback,Nottingham-Forest,eng ENG,MF,33,4,1,147,0,0,0,0,0,0,0.2
Sam Surridge,Nottingham-Forest,eng ENG,FW,24,8,1,136,0,0,0,1,0,0.2,0.1
Giulian Biancone,Nottingham-Forest,fr FRA,DF,22,2,0,17,0,0,0,0,0,0,0
Alexander Mighten,Nottingham-Forest,eng ENG,FW,20,1,0,8,0,0,0,0,0,0,0
CafÃº,Nottingham-Forest,pt POR,MF,29,1,0,7,0,0,0,0,0,0,0
LoÃ¯c Bade,Nottingham-Forest,fr FRA,DF,22,0,0,,,,,,,,
Oliver Hammond,Nottingham-Forest,wls WAL,MF,20,0,0,,,,,,,,
Wayne Hennessey,Nottingham-Forest,wls WAL,GK,35,0,0,,,,,,,,
LoÃ¯c Mbe Soh,Nottingham-Forest,fr FRA,DF,21,0,0,,,,,,,,
Dale Taylor,Nottingham-Forest,nir NIR,FW,18,0,0,,,,,,,,
Lyle Taylor,Nottingham-Forest,ms MSR,FW,32,0,0,,,,,,,,
Squad Total,Nottingham-Forest,,,,15,165,1350,10,4,1,36,0,15.3,10.1
Gavin Bazunu,Southampton,ie IRL,GK,20,15,15,1350,0,0,0,0,0,0,0.1
James Ward-Prowse,Southampton,eng ENG,MF,28,15,15,1350,1,2,0,2,0,0.7,2.7
Mohammed Salisu,Southampton,gh GHA,DF,23,14,14,1260,0,1,0,4,0,0.7,0.5
Che Adams,Southampton,sct SCO,FW,26,14,12,1066,4,1,0,0,0,3.9,1.7
Mohamed Elyounoussi,Southampton,no NOR,"MF,FW",28,14,12,985,0,1,0,2,0,2,1.3
Kyle Walker-Peters,Southampton,eng ENG,DF,25,11,11,952,1,0,0,2,0,0.7,0.7
Armel Bella Kotchap,Southampton,de GER,DF,20,11,11,903,0,1,0,1,0,0.7,0.1
Adam Armstrong,Southampton,eng ENG,FW,25,14,11,869,1,1,0,0,0,1.1,0.7
Joe Aribo,Southampton,ng NGA,"MF,FW",26,15,10,944,2,0,0,1,0,1.4,0.8
Romain Perraud,Southampton,fr FRA,DF,25,13,10,851,2,2,0,1,0,0.9,1.5
Stuart Armstrong,Southampton,sct SCO,"MF,FW",30,14,7,690,1,0,0,2,0,1,1.5
RomÃ©o Lavia,Southampton,be BEL,MF,18,7,6,557,1,0,0,2,0,0.2,0.2
Ibrahima Diallo,Southampton,fr FRA,MF,23,9,6,450,0,0,0,1,0,0.1,0
Moussa Djenepo,Southampton,ml MLI,"DF,FW",24,10,5,526,0,1,0,0,0,0.1,0.2
Duje Ä†aleta-Car,Southampton,hr CRO,DF,26,7,5,486,0,0,0,1,0,0.2,0
Ainsley Maitland-Niles,Southampton,eng ENG,"MF,DF",25,7,4,412,0,0,0,2,0,0,0.2
Lyanco,Southampton,br BRA,DF,25,7,2,236,0,0,0,2,0,0.1,0
Sekou Mara,Southampton,fr FRA,"FW,MF",20,9,2,214,0,1,0,0,0,0.7,0.5
Jan Bednarek,Southampton,pl POL,DF,26,2,2,159,0,0,0,0,0,0.1,0.1
Juan Larios,Southampton,es ESP,DF,18,5,2,152,0,0,0,0,0,0,0
Theo Walcott,Southampton,eng ENG,"FW,MF",33,3,1,113,0,0,0,1,0,0,0
Oriol Romeu,Southampton,es ESP,MF,31,1,1,74,0,0,0,0,0,0,0
Yan Valery,Southampton,tn TUN,DF,23,1,1,45,0,0,0,0,0,0,0
Samuel Edozie,Southampton,eng ENG,"MF,FW",19,8,0,159,0,0,0,0,0,0.3,0.1
Jack Stephens,Southampton,eng ENG,DF,28,2,0,46,0,0,0,0,0,0,0
Nathan Redmond,Southampton,eng ENG,DF,28,1,0,1,0,0,0,0,0,0,0
Ryan Finnigan,Southampton,eng ENG,MF,19,0,0,,,,,,,,
Alex McCarthy,Southampton,eng ENG,GK,32,0,0,,,,,,,,
Lewis Payne,Southampton,eng ENG,DF,18,0,0,,,,,,,,
Squad Total,Southampton,,,,15,165,1350,13,11,0,24,0,14.7,12.6
Max Kilman,Wolverhampton-Wanderers,eng ENG,DF,25,15,15,1350,0,0,0,0,0,0.6,0
JosÃ© SÃ¡,Wolverhampton-Wanderers,pt POR,GK,29,15,15,1350,0,0,0,0,0,0,0
RÃºben Neves,Wolverhampton-Wanderers,pt POR,"MF,DF",25,14,14,1260,4,0,2,6,0,2.3,0.4
Nathan Collins,Wolverhampton-Wanderers,ie IRL,DF,21,12,12,1022,0,0,0,2,1,0,0.1
Daniel Podence,Wolverhampton-Wanderers,pt POR,"FW,MF",27,15,12,1020,2,0,0,3,0,2.1,1.6
JoÃ£o Moutinho,Wolverhampton-Wanderers,pt POR,MF,36,13,11,997,0,0,0,2,0,0.8,1.5
Jonny Castro,Wolverhampton-Wanderers,es ESP,DF,28,12,11,979,0,0,0,3,0,0.3,0.3
Matheus Nunes,Wolverhampton-Wanderers,pt POR,MF,24,12,11,857,0,1,0,1,0,1.1,1.2
GonÃ§alo Guedes,Wolverhampton-Wanderers,pt POR,"FW,MF",25,12,8,689,1,1,0,1,0,1.2,0.5
NÃ©lson Semedo,Wolverhampton-Wanderers,pt POR,DF,29,13,8,675,0,1,0,3,1,0,0.2
Pedro Neto,Wolverhampton-Wanderers,pt POR,"FW,MF",22,8,8,599,0,0,0,1,0,0.7,1.2
Rayan AÃ¯t Nouri,Wolverhampton-Wanderers,fr FRA,DF,21,10,7,666,0,0,0,1,0,0.4,0.8
Adama TraorÃ©,Wolverhampton-Wanderers,es ESP,"FW,MF",26,12,6,622,1,0,0,0,0,0.6,1
Hugo Bueno,Wolverhampton-Wanderers,es ESP,DF,20,6,5,451,0,1,0,1,0,0.1,0.4
Diego Costa,Wolverhampton-Wanderers,es ESP,FW,34,6,5,412,0,0,0,0,1,1.7,0.2
Boubacar TraorÃ©,Wolverhampton-Wanderers,ml MLI,MF,21,8,4,384,0,1,0,2,0,0.1,0.2
Hwang Hee-chan,Wolverhampton-Wanderers,kr KOR,FW,26,11,3,325,0,1,0,0,0,0.4,0.7
Toti Gomes,Wolverhampton-Wanderers,pt POR,DF,23,3,3,259,0,0,0,1,0,0,0.1
Leander Dendoncker,Wolverhampton-Wanderers,be BEL,MF,27,4,2,214,0,0,0,0,0,0.7,0
RaÃºl JimÃ©nez,Wolverhampton-Wanderers,mx MEX,FW,31,3,2,212,0,0,0,0,0,0.8,0.4
Morgan Gibbs-White,Wolverhampton-Wanderers,eng ENG,"FW,MF",22,2,2,180,0,0,0,1,0,0.7,0.1
Sasa Kalajdzic,Wolverhampton-Wanderers,at AUT,FW,25,1,1,45,0,0,0,0,0,0.3,0
Joseph Hodge,Wolverhampton-Wanderers,ie IRL,MF,20,3,0,79,0,0,0,1,0,0.1,0
Chem Campbell,Wolverhampton-Wanderers,wls WAL,"FW,MF",19,5,0,74,0,0,0,0,0,0.1,0
Dexter Lembikisa,Wolverhampton-Wanderers,jm JAM,DF,19,1,0,23,0,0,0,0,0,0,0
Connor Ronan,Wolverhampton-Wanderers,ie IRL,MF,24,1,0,1,0,0,0,0,0,0,0
Willy Boly,Wolverhampton-Wanderers,ci CIV,DF,31,0,0,,,,,,,,
Conor Coady,Wolverhampton-Wanderers,eng ENG,"DF,MF",29,0,0,,,,,,,,
Luke Cundle,Wolverhampton-Wanderers,eng ENG,MF,20,0,0,,,,,,,,
Nathan Fraser,Wolverhampton-Wanderers,ie IRL,FW,17,0,0,,,,,,,,
Harvey Griffiths,Wolverhampton-Wanderers,eng ENG,MF,19,0,0,,,,,,,,
Yerson Mosquera,Wolverhampton-Wanderers,co COL,DF,21,0,0,,,,,,,,
Matija Å arkiÄ‡,Wolverhampton-Wanderers,me MNE,GK,25,0,0,,,,,,,,
Squad Total,Wolverhampton-Wanderers,,,,15,165,1350,8,6,2,29,3,14.9,10.9
